# people
ACSnet/piers=piers
astro/ACSnet=ACSnet
astro/adm=adm
astro/aek=aek
astro/agf=agf
astro/alb=alb
astro/andrew=andrew
astro/ark=ark
astro/ava=ava
astro/bart=bart
astro/ber=ber1
astro/bimmler=jj
astro/bin=bin
astro/bs=bs
astro/bsb=bsb
astro/bwk=bwk
astro/chris=chris
astro/clarkson=clarkson
astro/crr=crr
astro/cvw=cvw
astro/dave=dave
astro/dbm=dbm
astro/dds=dds
astro/dmg=dmg
astro/dmr=dmr
astro/doug=doug
astro/ehg=ehg
astro/ejs=ejs
astro/frodo=frodo
astro/frodo=frodo
astro/gerard=gerard
astro/gre=gre
astro/hania=hania
astro/hsb=hsb
astro/jcm=jcm
astro/jerq=jerq
astro/jlb=jlb
astro/judy=judy
astro/kahrs=kahrs
astro/kam=kam
astro/kay=kay
astro/ken=ken
astro/lck=lck
astro/lem=lem
astro/llc=llc
astro/llc=llc
astro/loek=loek
astro/luca=luca
astro/mandrill=mandrill
astro/mihalis=mihalis
astro/msm=msm
astro/mvs=cartoon
astro/ngs=ngs
astro/nls=nls
astro/norman=norman
astro/pat=pat
astro/pjw=pjw
astro/presotto=presotto
astro/rae=rae
astro/ravi=ravi
astro/rje=rje
astro/rob=rob
astro/shoji=shoji
astro/sif=sif
astro/sjf=sjf
astro/spm=spm
astro/srm=srm
astro/tac=tac
astro/td=td
astro/tgs=tgs
astro/theo=theo
astro/tom=tom
astro/wing=wing
astro/wmc=wmc
astro/wtm=wtm
basser/unknown=ACSnet
bcr/ber=ber1
bcr/dectalk=dectalk
bcr/psl=psl
bcr/sif=sif
cb/unknown=cow
decwest/gnelson=gnelson
decwest/hania=hania
greece/unknown=greece
mhcc/rob=rob
mhcc/techlib=techlib
misc./MAILER-DAEMON=MAILER-DAEMON
misc./adm=adm
misc./daemon=daemon
misc./root=root
misc./uucp=uucp
misc./uucpa=uucpa
olympus/greg=greg
princeton/honey=honey
sequent/ianj=ianj
tempo/jpl=jpl
